[
    {
      "constant": true,
      "inputs": [],
      "name": "name",
      "outputs": [{ "name": "", "type": "string" }],
      "type": "function"
    },
    {
      "constant": true,
      "inputs": [],
      "name": "symbol",
      "outputs": [{ "name": "", "type": "string" }],
      "type": "function"
    },
    {
      "constant": true,
      "inputs": [],
      "name": "decimals",
      "outputs": [{ "name": "", "type": "uint8" }],
      "type": "function"
    },
    {
      "constant": true,
      "inputs": [],
      "name": "totalSupply",
      "outputs": [{ "name": "", "type": "uint256" }],
      "type": "function"
    },
    {
      "constant": true,
      "inputs": [{ "name": "owner", "type": "address" }],
      "name": "balanceOf",
      "outputs": [{ "name": "balance", "type": "uint256" }],
      "type": "function"
    },
    {
      "constant": false,
      "inputs": [
        { "name": "to", "type": "address" },
        { "name": "value", "type": "uint256" }
      ],
      "name": "transfer",
      "outputs": [{ "name": "", "type": "bool" }],
      "type": "function"
    },
    {
      "constant": false,
      "inputs": [
        { "name": "spender", "type": "address" },
        { "name": "value", "type": "uint256" }
      ],
      "name": "approve",
      "outputs": [{ "name": "", "type": "bool" }],
      "type": "function"
    },
    {
      "constant": true,
      "inputs": [
        { "name": "owner", "type": "address" },
        { "name": "spender", "type": "address" }
      ],
      "name": "allowance",
      "outputs": [{ "name": "remaining", "type": "uint256" }],
      "type": "function"
    },
    {
      "anonymous": false,
      "inputs": [
        { "indexed": true, "name": "from", "type": "address" },
        { "indexed": true, "name": "to", "type": "address" },
        { "indexed": false, "name": "value", "type": "uint256" }
      ],
      "name": "Transfer",
      "type": "event"
    },
    {
      "anonymous": false,
      "inputs": [
        { "indexed": true, "name": "owner", "type": "address" },
        { "indexed": true, "name": "spender", "type": "address" },
        { "indexed": false, "name": "value", "type": "uint256" }
      ],
      "name": "Approval",
      "type": "event"
    }
  ]
  